,Acidobacteria,Actinobacteria,Aquificae,Archaea unclassified,Armatimonadetes,Ascomycota,Bacteria candidate phyla unclassified,Bacteria unclassified,Bacteroidetes,Bacteroidetes/Chlorobi group unclassified,Candidate division CPR1,Candidate division CPR3,Candidate division WWE3,Candidate division Zixibacteria,Candidatus Adlerbacteria,Candidatus Aerophobetes,Candidatus Atribacteria,Candidatus Azambacteria,Candidatus Beckwithbacteria,Candidatus Berkelbacteria,Candidatus Calescamantes,Candidatus Campbellbacteria,Candidatus Dadabacteria,Candidatus Daviesbacteria,Candidatus Falkowbacteria,Candidatus Fervidibacteria,Candidatus Gottesmanbacteria,Candidatus Hydrogenedentes,Candidatus Jorgensenbacteria,Candidatus Kuenenbacteria,Candidatus Levybacteria,Candidatus Magasanikbacteria,Candidatus Microgenomates,Candidatus Moranbacteria,Candidatus Nanohaloarchaeota,Candidatus Nomurabacteria,Candidatus Pacebacteria,Candidatus Parcubacteria,Candidatus Peregrinibacteria,Candidatus Poribacteria,Candidatus Roizmanbacteria,Candidatus Saccharibacteria,Candidatus Uhrbacteria,Candidatus Woesebacteria,Candidatus Wolfebacteria,Chlamydiae,Chloroflexi,Chrysiogenetes,Cloacimonetes,Crenarchaeota,Cyanobacteria,Cyanobacteria/Melainabacteria group unclassified,DPANN group unclassified,Deferribacteres,Deinococcus-Thermus,Dikarya unclassified,Elusimicrobia,Eukaryota unclassified,Euryarchaeota,FCB group unclassified,Fibrobacteres,Firmicutes,Fungi unclassified,Fusobacteria,Gemmatimonadetes,Latescibacteria,Marinimicrobia,Microgenomates group unclassified,Nanoarchaeota,Nitrospinae,Nitrospinae/Tectomicrobia group unclassified,Nitrospirae,Nonspecific/Host,Omnitrophica,Opisthokonta unclassified,PVC group unclassified,Parcubacteria group unclassified,Patescibacteria group unclassified,Planctomycetes,Proteobacteria,Spirochaetes,Synergistetes,TACK group unclassified,Tenericutes,Terrabacteria group unclassified,Thaumarchaeota,Thermodesulfobacteria,Thermotogae,Unclassified Bacteria unclassified,Verrucomicrobia,AlphaDiversity
SRR5318447_90000_1.fastq.gz,0.0,0.00604798064646,0.0,0.0,1.11999641601e-05,0.0,0.000190399390722,0.374022803127,0.0124319602177,0.0,0.0,0.0,2.23999283202e-05,0.0,0.0,0.0,1.11999641601e-05,0.0,0.0,0.0,0.0,0.0,0.0,0.0,1.11999641601e-05,0.0,0.000459198530565,0.0,0.0,0.0,1.11999641601e-05,5.59998208006e-05,1.11999641601e-05,0.0,0.0,0.0,1.11999641601e-05,0.0,0.000201599354882,0.0,0.0,5.59998208006e-05,1.11999641601e-05,1.11999641601e-05,0.000111999641601,6.71997849607e-05,0.000123199605761,0.0,0.000291199068163,0.0,1.11999641601e-05,0.0,0.0,0.0,0.0,0.0,0.0,0.0,1.11999641601e-05,1.11999641601e-05,2.23999283202e-05,0.334475729678,0.0,0.0169903456309,0.0,2.23999283202e-05,0.000123199605761,1.11999641601e-05,0.0,0.0,0.0,1.11999641601e-05,0.00866877225993,0.000380798781444,0.0,0.0,0.000257599175683,0.0,3.35998924803e-05,0.237999238402,0.000156799498242,0.0,0.0,1.11999641601e-05,0.00358398853124,0.0,0.0,0.0,0.00113119638017,0.00191519387138,0.51007059222341389
SRR5318452_90000_1.fastq.gz,3.35927439673e-05,0.00296735905045,0.0,0.0,0.0,1.11975813224e-05,0.00322490342086,0.477744807122,0.00689771009462,0.0,0.0,0.0,1.11975813224e-05,0.0,0.0,3.35927439673e-05,1.11975813224e-05,0.0,0.0,1.11975813224e-05,0.0,0.0,0.0,0.0,0.0,0.0,0.00110856055092,0.0,1.11975813224e-05,0.0,1.11975813224e-05,6.71854879346e-05,0.0,0.0,0.0,0.0,1.11975813224e-05,3.35927439673e-05,0.000145568557192,0.0,0.0,0.000111975813224,0.0,3.35927439673e-05,6.71854879346e-05,0.000190358882481,0.000123173394547,0.0,0.000750237948603,0.0,4.47903252897e-05,0.0,0.0,0.0,3.35927439673e-05,0.0,0.0,0.0,0.0,5.59879066122e-05,1.11975813224e-05,0.139656234253,0.0,0.138155758356,0.0,5.59879066122e-05,0.000167963719837,4.47903252897e-05,0.0,0.0,0.0,1.11975813224e-05,0.00910363361514,0.000302334695706,0.0,0.0,0.000246346789094,0.0,2.23951626449e-05,0.211320754717,0.000447903252897,0.0,0.0,6.71854879346e-05,0.00438945187839,0.0,0.0,7.8383069257e-05,0.00101897990034,0.00115335087621,0.59423422861751696
SRR5318456_90000_1.fastq.gz,0.0,0.0033788713896,1.12254863442e-05,0.0,0.0,0.0,0.000280637158605,0.294455732295,0.00428813578348,1.12254863442e-05,0.0,2.24509726884e-05,1.12254863442e-05,0.0,0.0,3.36764590326e-05,0.0,0.0,0.0,1.12254863442e-05,4.49019453768e-05,0.0,0.0,1.12254863442e-05,0.0,0.0,0.00163892100625,1.12254863442e-05,0.0,0.0,0.0,7.85784044094e-05,1.12254863442e-05,0.0,0.0,0.0,0.0,2.24509726884e-05,0.000179607781507,0.0,0.0,3.36764590326e-05,3.36764590326e-05,4.49019453768e-05,0.000336764590326,0.000123480349786,0.000145931322475,0.0,0.000505146885489,0.0,2.24509726884e-05,0.0,0.0,0.0,0.0,0.0,0.0,0.0,0.0,3.36764590326e-05,0.0,0.501240416241,0.0,0.0138859266078,0.0,2.24509726884e-05,3.36764590326e-05,0.0,0.0,0.0,0.0,1.12254863442e-05,0.017579111615,0.00021328424054,0.0,0.0,0.000258186185917,0.0,3.36764590326e-05,0.143472940965,0.000112254863442,2.24509726884e-05,0.0,0.000202058754196,0.0164116610352,0.0,0.0,0.0,0.000550048830866,0.000168382295163,0.43947564533856959
SRR5318460_90000_1.fastq.gz,1.11975813224e-05,0.00313532277028,0.0,0.0,1.11975813224e-05,0.0,0.000492693578187,0.381703152119,0.00507250433906,1.11975813224e-05,0.0,1.11975813224e-05,6.71854879346e-05,0.0,0.0,2.23951626449e-05,0.000156766138514,0.0,0.0,0.0,3.35927439673e-05,0.0,0.0,1.11975813224e-05,1.11975813224e-05,0.0,0.0028441856559,0.0,0.0,0.0,1.11975813224e-05,0.00036952018364,0.0,2.23951626449e-05,0.0,0.0,0.0,2.23951626449e-05,0.000391915346285,0.0,0.0,4.47903252897e-05,0.0,3.35927439673e-05,0.000492693578187,6.71854879346e-05,0.000582274228767,1.11975813224e-05,0.000447903252897,0.0,0.0,0.0,0.0,0.0,0.0,0.0,1.11975813224e-05,0.0,0.0,0.0,2.23951626449e-05,0.23259615923,0.0,0.00844297631712,1.11975813224e-05,5.59879066122e-05,8.95806505795e-05,2.23951626449e-05,0.0,0.0,0.0,0.0,0.00620346005263,0.000167963719837,0.0,1.11975813224e-05,0.000324729858351,0.0,2.23951626449e-05,0.345882089469,0.000134370975869,1.11975813224e-05,0.0,1.11975813224e-05,0.00889087957001,0.0,0.0,0.0,0.000358322602318,0.000638262135379,0.46539577791667125
SRR5318464_90000_1.fastq.gz,0.0,0.00239987321425,1.1320156671e-05,0.0,1.1320156671e-05,0.0,0.00023772329009,0.257590165048,0.00223007086418,0.0,0.0,2.26403133419e-05,0.0,0.0,0.0,2.26403133419e-05,0.000124521723381,0.0,0.0,1.1320156671e-05,0.0,0.0,0.0,0.0,0.0,0.0,0.00104145441373,0.0,1.1320156671e-05,0.0,0.0,0.000169802350065,0.0,0.0,0.0,0.0,0.0,2.26403133419e-05,7.92410966968e-05,1.1320156671e-05,0.0,3.39604700129e-05,1.1320156671e-05,1.1320156671e-05,0.0,0.00011320156671,0.000192442663406,0.0,0.000339604700129,3.39604700129e-05,0.000328284543458,0.0,0.0,0.0,0.0,0.0,0.0,0.0,0.0,5.66007833548e-05,1.1320156671e-05,0.371776585388,0.0,6.79209400258e-05,1.1320156671e-05,0.0,6.79209400258e-05,7.92410966968e-05,1.1320156671e-05,0.0,0.0,0.0,0.00607892413231,4.52806266839e-05,0.0,1.1320156671e-05,0.000226403133419,0.0,4.52806266839e-05,0.147252597976,0.000294324073445,0.000158482193394,0.0,0.000203762820077,0.00739206230614,0.0,0.0,0.0,0.000792410966968,0.200355452919,0.63586211745151033
SRR5318468_90000_1.fastq.gz,0.0,0.00992299575691,1.12251083223e-05,0.0,2.24502166446e-05,0.0,0.000123476191545,0.200727387019,0.334463327571,0.0,0.0,1.12251083223e-05,0.0,0.0,0.0,0.000482679657859,0.000134701299868,0.0,0.0,0.0,0.0,0.0,0.0,0.0,3.36753249669e-05,0.0,0.00024695238309,1.12251083223e-05,1.12251083223e-05,0.0,0.0,7.85757582561e-05,0.0,0.0,0.0,0.0,0.0,1.12251083223e-05,1.12251083223e-05,1.12251083223e-05,0.0,2.24502166446e-05,0.0,0.0,0.0,1.12251083223e-05,0.00029185281638,0.0,0.000123476191545,0.0,6.73506499338e-05,0.0,0.0,0.0,0.0,0.0,0.0,0.0,0.000101025974901,1.12251083223e-05,2.24502166446e-05,0.289416967874,0.0,0.0,0.0,1.12251083223e-05,0.00029185281638,0.0,0.0,0.0,0.0,0.0,0.0434972947489,0.000898008665784,0.0,0.0,0.000258177491413,0.0,2.24502166446e-05,0.0799227712547,0.00101025974901,3.36753249669e-05,0.0,6.73506499338e-05,0.00703814291808,0.0,0.0,0.0,0.00148171429854,0.0290842556631,0.79861714768752312
SRR5318472_90000_1.fastq.gz,0.0,0.00301099520722,0.0,0.0,5.63856780378e-05,0.0,0.00041725401748,0.251367352692,0.003879334649,1.12771356076e-05,0.0,1.12771356076e-05,1.12771356076e-05,1.12771356076e-05,0.0,3.38314068227e-05,4.51085424302e-05,0.0,0.0,0.0,0.0,0.0,0.0,0.0,1.12771356076e-05,0.0,0.00152241330702,0.0,1.12771356076e-05,0.0,0.0,0.000169157034113,0.0,0.0,0.0,0.0,0.0,3.38314068227e-05,0.000214265576544,0.0,0.0,0.0,0.0,3.38314068227e-05,0.000202988440936,9.02170848604e-05,0.000349591203834,0.0,0.000248096983366,0.0,2.25542712151e-05,0.0,0.0,0.0,0.0,0.0,0.0,0.0,1.12771356076e-05,0.0,1.12771356076e-05,0.204589794192,0.0,0.0116718353538,0.0,3.38314068227e-05,7.89399492529e-05,2.25542712151e-05,0.0,0.0,0.0,1.12771356076e-05,0.00916831124894,0.000270651254581,0.0,0.0,0.000338314068227,0.0,2.25542712151e-05,0.397710741472,0.000101494220468,0.108339441782,0.0,0.0,0.00408232308994,0.0,0.0,0.0,0.000868339441782,0.000902170848604,0.66278757205627092
SRR5318476_90000_1.fastq.gz,1.11895623762e-05,0.00107419798812,0.0,0.0,1.11895623762e-05,0.0,0.000179032998019,0.257897033647,0.000346876433663,0.0,0.0,0.0,1.11895623762e-05,0.0,0.0,0.0,2.23791247524e-05,0.0,0.0,0.0,6.71373742573e-05,0.0,0.0,0.0,0.0,0.0,0.000637805055444,1.11895623762e-05,4.47582495049e-05,0.0,0.0,4.47582495049e-05,0.0,0.0,0.0,0.0,0.0,1.11895623762e-05,5.59478118811e-05,0.0,0.0,4.47582495049e-05,0.0,0.0,0.0,5.59478118811e-05,6.71373742573e-05,0.0,0.000525909431682,0.0,2.23791247524e-05,0.0,0.0,0.0,0.0,0.0,0.0,0.0,1.11895623762e-05,0.0,0.0,0.441394667055,0.0,7.83269366335e-05,1.11895623762e-05,2.23791247524e-05,3.35686871286e-05,0.0,0.0,0.0,0.0,0.0,0.00655708355246,5.59478118811e-05,0.0,0.0,0.000134274748515,0.0,3.35686871286e-05,0.287459857445,2.23791247524e-05,3.35686871286e-05,0.0,0.0,0.00209244816435,0.0,0.0,0.0,0.000425203370296,0.000492340744553,0.32003496676759247
SRR5318480_90000_1.fastq.gz,7.86287152068e-05,0.00529058926606,0.0,0.0,1.1232673601e-05,0.0,0.000269584166423,0.317749870824,0.00339226742749,0.0,0.0,0.0,0.0,0.0,0.0,0.0,0.000101094062409,0.0,0.0,0.0,4.49306944039e-05,0.0,0.0,0.0,0.0,0.0,0.00195448520657,1.1232673601e-05,0.0,0.0,0.0,7.86287152068e-05,0.0,0.0,0.0,1.1232673601e-05,0.0,2.24653472019e-05,0.000202188124817,0.0,0.0,4.49306944039e-05,4.49306944039e-05,2.24653472019e-05,0.000179722777616,5.61633680049e-05,0.000325747534428,0.0,0.000505470312044,0.0,1.1232673601e-05,0.0,0.0,0.0,0.0,0.0,0.0,0.0,0.0,2.24653472019e-05,0.0,0.237380091209,0.0,0.00882888145036,0.0,4.49306944039e-05,8.98613888078e-05,1.1232673601e-05,0.0,0.0,0.0,1.1232673601e-05,0.00816615370791,0.000179722777616,0.0,0.0,0.00023588614562,1.1232673601e-05,8.98613888078e-05,0.383607036147,0.000146024756813,0.000202188124817,0.0,2.24653472019e-05,0.0284860602521,0.0,0.0,0.0,0.000527935659246,0.00152764360973,0.53118118715329299
SRR5318484_90000_1.fastq.gz,3.35499166844e-05,0.00282937630705,0.0,0.0,0.0,0.0,0.000246032722352,0.402822666324,0.00182287880652,0.0,0.0,0.0,6.70998333687e-05,0.0,0.0,0.0,1.11833055615e-05,0.0,0.0,0.0,1.11833055615e-05,0.0,0.0,0.0,1.11833055615e-05,0.0,0.00149856294524,0.0,0.0,0.0,0.0,0.000447332222458,0.0,0.0,0.0,0.0,0.0,0.0,0.000190116194545,0.0,0.0,3.35499166844e-05,0.0,1.11833055615e-05,0.000201299500106,6.70998333687e-05,0.000760464778179,0.0,0.000782831389302,0.0,0.0,0.0,0.0,0.0,0.0,0.0,0.0,0.0,0.0,0.0,0.0,0.185721155459,0.0,0.00821972958767,0.0,5.59165278073e-05,7.82831389302e-05,1.11833055615e-05,0.0,0.0,0.0,0.0,0.00692246614254,0.00015656627786,0.0,0.0,0.000212482805668,0.0,1.11833055615e-05,0.381473736007,0.000145382972299,0.000100649750053,0.0,1.11833055615e-05,0.00456278866907,0.0,1.11833055615e-05,0.0,0.000246032722352,0.000212482805668,0.38733145453382573
SRR5318485_90000_1.fastq.gz,0.0,0.00159232097603,1.12135280002e-05,0.0,1.12135280002e-05,0.0,0.000123348808002,0.392294063558,0.000897082240014,0.0,1.12135280002e-05,2.24270560004e-05,0.0,0.0,0.0,4.48541120007e-05,1.12135280002e-05,0.0,0.0,0.0,0.0,0.0,0.0,0.0,0.0,0.0,0.00109892574402,0.0,0.0,0.0,0.0,4.48541120007e-05,1.12135280002e-05,0.0,0.0,0.0,0.0,0.0,0.0,0.0,0.0,1.12135280002e-05,0.0,0.0,0.0,0.000123348808002,6.72811680011e-05,0.0,0.000863441656014,1.12135280002e-05,2.24270560004e-05,0.0,0.0,1.12135280002e-05,0.0,0.0,0.0,0.0,0.0,0.0,0.0,0.447273991343,0.0,8.97082240014e-05,2.24270560004e-05,2.24270560004e-05,3.36405840005e-05,1.12135280002e-05,0.0,0.0,0.0,0.0,0.0060104510081,3.36405840005e-05,0.0,0.0,0.000112135280002,0.0,4.48541120007e-05,0.144789073538,0.000179416448003,0.0,0.0,1.12135280002e-05,0.00315100136805,0.0,0.0,0.0,0.000482181704008,0.000448541120007,0.2707058598185878
SRR5318491_90000_1.fastq.gz,3.36111858026e-05,0.0050976965134,0.0,0.0,4.48149144035e-05,0.0,0.000145648471811,0.165535090078,0.00244241283499,0.0,0.0,1.12037286009e-05,0.0,0.0,0.0,3.36111858026e-05,1.12037286009e-05,0.0,0.0,1.12037286009e-05,0.0,0.0,0.0,0.0,0.0,0.0,0.000459352872636,0.0,0.0,0.0,0.0,0.000179259657614,0.0,0.0,0.0,0.0,0.0,0.0,7.84261002061e-05,0.0,0.0,3.36111858026e-05,0.0,0.0,0.0,3.36111858026e-05,0.00012324101461,0.0,0.00038092677243,0.0,0.0,0.0,0.0,0.0,0.0,0.0,0.0,0.0,1.12037286009e-05,0.0,0.0,0.31646051806,0.0,4.48149144035e-05,1.12037286009e-05,0.0,7.84261002061e-05,0.0,0.0,0.0,0.0,0.0,0.00932150219593,6.72223716053e-05,0.0,0.0,2.24074572018e-05,0.0,5.60186430044e-05,0.493815541812,0.00012324101461,0.0,0.0,1.12037286009e-05,0.00422380568253,0.0,0.0,0.0,0.000784261002061,0.000313704400825,0.31283454256685472
SRR5318496_90000_1.fastq.gz,7.87321868427e-05,0.0041615584474,0.0,0.0,3.37423657897e-05,0.0,0.000607362584215,0.262605585486,0.149264978799,3.37423657897e-05,0.0,0.0,1.12474552632e-05,0.0,1.12474552632e-05,0.000584867673689,0.000134969463159,0.0,1.12474552632e-05,0.0,0.000101227097369,0.0,0.0,1.12474552632e-05,1.12474552632e-05,0.0,0.00274437908423,0.0,0.0,0.0,1.12474552632e-05,4.4989821053e-05,0.0,1.12474552632e-05,0.0,1.12474552632e-05,0.0,2.24949105265e-05,0.00038241347895,0.0,0.0,1.12474552632e-05,0.0,3.37423657897e-05,0.000258691471055,2.24949105265e-05,0.00041615584474,0.0,0.000146216918422,0.0,0.000314928747371,0.0,0.0,1.12474552632e-05,0.0,0.0,0.0,0.0,0.0,1.12474552632e-05,3.37423657897e-05,0.189868292299,0.0,0.00163088101317,0.0,5.62372763162e-05,0.000573620218426,3.37423657897e-05,0.0,0.0,0.0,2.24949105265e-05,0.0652914778031,0.000303681292108,0.0,0.0,0.000292433836844,0.0,4.4989821053e-05,0.110270051401,0.000157464373685,0.000179959284212,0.0,0.0,0.00274437908423,0.0,0.0,0.0,0.000686094771058,0.205693461854,1.0
SRR5318500_90000_1.fastq.gz,2.24227815461e-05,0.00285890464712,0.0,0.0,0.0,1.1211390773e-05,0.000280284769326,0.342732215931,0.00229833510847,0.0,0.0,0.0,4.48455630921e-05,0.0,0.0,3.36341723191e-05,3.36341723191e-05,0.0,0.0,1.1211390773e-05,0.0,0.0,0.0,0.0,0.0,0.0,0.000796008744885,0.0,1.1211390773e-05,0.0,0.0,0.000448455630921,0.0,1.1211390773e-05,0.0,0.0,0.0,2.24227815461e-05,0.000179382252368,0.0,0.0,0.000179382252368,0.0,0.0,2.24227815461e-05,6.72683446382e-05,0.000168170861595,0.0,0.000661472055608,0.0,3.36341723191e-05,0.0,0.0,0.0,0.0,0.0,0.0,0.0,0.0,1.1211390773e-05,0.0,0.301877907954,0.0,2.24227815461e-05,0.0,0.0,5.60569538651e-05,0.0,0.0,0.0,0.0,0.0,0.0196199338528,0.000280284769326,0.0,0.0,0.000381187286283,0.0,1.1211390773e-05,0.321307248164,6.72683446382e-05,1.1211390773e-05,0.0,4.48455630921e-05,0.00406973485061,0.0,0.0,1.1211390773e-05,0.000515723975559,0.000784797354112,0.43767636266431997
SRR5318505_90000_1.fastq.gz,4.47627573859e-05,0.0702551477171,0.0,0.0,1.11906893465e-05,0.0,0.000100716204118,0.409400179051,0.00154431512981,1.11906893465e-05,0.0,0.0,0.0,0.0,0.0,3.35720680394e-05,0.0,0.0,0.0,0.0,0.0,1.11906893465e-05,0.0,0.0,0.0,0.0,0.000861683079678,0.0,0.0,0.0,0.0,0.000100716204118,0.0,0.0,0.0,0.0,0.0,0.0,0.000201432408236,0.0,0.0,7.83348254252e-05,6.71441360788e-05,1.11906893465e-05,1.11906893465e-05,6.71441360788e-05,0.000425246195166,0.0,0.00124216651746,0.0,1.11906893465e-05,0.0,0.0,0.0,0.0,0.0,0.0,0.0,0.0,1.11906893465e-05,0.0,0.168554162936,0.0,1.11906893465e-05,0.0,1.11906893465e-05,0.000123097582811,0.0,0.0,0.0,0.0,0.0,0.0240823634736,5.59534467323e-05,0.0,0.0,0.000246195165622,0.0,3.35720680394e-05,0.308269919427,0.000134288272158,5.59534467323e-05,0.0,4.47627573859e-05,0.0128357206804,0.0,0.0,0.0,0.000671441360788,0.000369292748433,0.58755323529892878
SRR5318506_90000_1.fastq.gz,2.24916218709e-05,0.00338498909156,0.0,0.0,7.8720676548e-05,0.0,0.00111333528261,0.37004340883,0.00313758125098,0.0,0.0,0.0,2.24916218709e-05,1.12458109354e-05,0.0,3.37374328063e-05,0.0,0.0,0.0,0.0,0.0,0.0,0.0,0.0,1.12458109354e-05,0.0,0.00204673759025,0.0,0.0,0.0,0.0,0.000213670407773,0.0,0.0,0.0,0.0,0.0,0.0,0.000258653651515,0.0,0.0,4.49832437417e-05,0.0,1.12458109354e-05,0.000292391084321,7.8720676548e-05,0.000326128517127,0.0,0.000438586626482,0.0,1.12458109354e-05,0.0,0.0,1.12458109354e-05,0.0,0.0,0.0,0.0,0.0,2.24916218709e-05,2.24916218709e-05,0.0778097658622,0.0,0.0162052135579,0.0,0.0,2.24916218709e-05,3.37374328063e-05,0.0,0.0,0.0,0.0,0.00760216819235,0.000168687164031,0.0,0.0,0.000888419063899,0.0,1.12458109354e-05,0.347124446144,0.000112458109354,0.165437124671,0.0,0.0,0.00185555880435,0.0,0.0,0.0,0.000708486088932,0.000382357571805,0.61696028855704987
SRR5318509_90000_1.fastq.gz,3.36454887007e-05,0.00376829473448,0.0,1.12151629002e-05,2.24303258005e-05,0.0,0.000100936466102,0.260931980037,0.00247855100095,1.12151629002e-05,0.0,0.0,0.0,0.0,0.0,1.12151629002e-05,3.36454887007e-05,0.0,0.0,0.0,0.0,0.0,0.0,0.0,0.0,0.0,0.000852352380418,0.0,0.0,1.12151629002e-05,0.0,6.72909774014e-05,0.0,0.0,0.0,0.0,0.0,0.0,7.85061403017e-05,0.0,0.0,0.000392530701508,0.0,0.0,2.24303258005e-05,7.85061403017e-05,0.000314024561207,0.0,0.000605618796613,1.12151629002e-05,2.24303258005e-05,0.0,0.0,0.0,0.0,0.0,0.0,0.0,1.12151629002e-05,4.4860651601e-05,1.12151629002e-05,0.367677900522,0.0,4.4860651601e-05,1.12151629002e-05,2.24303258005e-05,3.36454887007e-05,3.36454887007e-05,0.0,1.12151629002e-05,0.0,1.12151629002e-05,0.00992541916671,4.4860651601e-05,0.0,0.0,0.000179442606404,0.0,5.60758145012e-05,0.339348399035,0.000134581954803,4.4860651601e-05,0.0,2.24303258005e-05,0.0109684293164,0.0,0.0,0.0,0.000818706891718,0.000684124936915,0.42765545891714724
SRR5318515_90000_1.fastq.gz,0.0,0.00197414648836,0.0,0.0,0.0,0.0,0.000133840439889,0.213263587593,0.0182134531949,0.0,0.0,0.0,0.000100380329917,0.0,0.0,0.0,1.11533699907e-05,0.0,0.0,0.0,0.0,0.0,0.0,0.0,1.11533699907e-05,0.0,4.4613479963e-05,0.0,0.0,0.0,0.0,1.11533699907e-05,0.0,0.0,0.0,0.0,0.0,0.0,8.92269599259e-05,0.0,0.0,0.0,2.23067399815e-05,0.0,0.0,4.4613479963e-05,0.000245374139796,0.0,2.23067399815e-05,1.11533699907e-05,0.0,0.0,0.0,0.0,0.0,0.0,1.11533699907e-05,0.0,0.000167300549861,0.0,0.0,0.525145272644,0.0,0.0,0.0,2.23067399815e-05,2.23067399815e-05,1.11533699907e-05,0.0,0.0,0.0,1.11533699907e-05,0.00101495666916,2.23067399815e-05,0.0,0.0,1.11533699907e-05,0.0,0.0,0.236094535964,0.00195183974838,0.0,0.0,0.0,0.00119341058901,0.0,0.0,0.0,3.34601099722e-05,8.92269599259e-05,0.2999572890842046
SRR5318521_90000_1.fastq.gz,0.0,0.00121119185723,0.0,7.77829633087e-05,1.11118519012e-05,0.0,2.22237038025e-05,0.716058848368,0.00532257706069,0.0,0.0,0.0,0.0,0.0,0.0,0.0,0.0,0.0,0.0,0.0,0.0,0.0,0.0,0.0,0.0,0.0,3.33355557037e-05,0.0,0.0,0.0,0.0,0.0,0.0,0.0,0.0,0.0,0.0,0.0,0.000200013334222,0.0,0.0,4.4447407605e-05,0.0,0.0,0.0,0.000155565926617,0.0,0.0,6.66711114074e-05,0.0,0.0,0.0,0.0,0.0,0.0,0.0,0.0,0.0,0.000166677778519,0.0,0.0,0.10736271307,0.0,0.0,0.0,0.0,2.22237038025e-05,0.0,0.0,0.0,0.0,1.11118519012e-05,0.00026668444563,0.0,0.0,0.0,0.0,1.11118519012e-05,3.33355557037e-05,0.16627775185,0.000466697779852,0.0,0.0,7.77829633087e-05,0.00173344889659,0.0,0.0,0.0,0.000288908149432,7.77829633087e-05,0.0
SRR5318525_90000_1.fastq.gz,0.0,0.0026003467129,0.0,2.22251855803e-05,0.0,0.0,3.33377783704e-05,0.457394319243,0.0209583500022,0.0,0.0,0.0,0.0,0.0,0.0,0.0,0.0,0.0,0.0,0.0,0.0,0.0,0.0,0.0,0.0,0.0,0.0,0.0,0.0,0.0,0.0,1.11125927901e-05,0.0,0.0,0.0,0.0,0.0,0.0,0.000211139263013,0.0,0.0,3.33377783704e-05,0.0,0.0,0.0,6.66755567409e-05,1.11125927901e-05,0.0,0.000200026670223,0.0,0.0,0.0,0.0,0.0,0.0,0.0,0.0,0.0,1.11125927901e-05,0.0,0.0,0.285282482109,0.0,0.000200026670223,0.0,2.22251855803e-05,0.0,0.0,0.0,0.0,0.0,0.0,0.00077788149531,1.11125927901e-05,0.0,0.0,3.33377783704e-05,0.0,3.33377783704e-05,0.227852602569,0.00117793483576,0.0,0.0,1.11125927901e-05,0.0012446103925,0.0,0.0,0.0,0.00166688891852,0.000133351113482,0.36128959873776412
SRR5318529_90000_1.fastq.gz,0.0,0.00287828947368,0.0,6.66785206259e-05,2.2226173542e-05,0.0,2.2226173542e-05,0.622610686344,0.0174364331437,0.0,0.0,0.0,0.0,0.0,0.0,0.0,0.0,0.0,1.1113086771e-05,0.0,0.0,0.0,0.0,0.0,0.0,0.0,4.44523470839e-05,0.0,0.0,0.0,0.0,0.0,0.0,0.0,0.0,0.0,0.0,0.0,0.000166696301565,0.0,0.0,1.1113086771e-05,0.0,0.0,0.0,0.000255600995733,1.1113086771e-05,0.0,5.55654338549e-05,0.0,0.0,0.0,0.0,0.0,0.0,0.0,0.0,0.0,0.000211148648649,0.0,0.0,0.146837215505,0.0,0.000155583214794,0.0,1.1113086771e-05,1.1113086771e-05,0.0,0.0,0.0,0.0,0.0,0.000300053342817,1.1113086771e-05,0.0,0.0,0.0,7.77916073969e-05,0.000211148648649,0.20450302276,0.00133357041252,0.0,0.0,0.0,0.00164473684211,0.0,0.0,0.0,0.00106685633001,3.33392603129e-05,0.19506895665086757
SRR5318534_90000_1.fastq.gz,0.0,0.00112805048305,0.0,0.0,0.0,1.11688166639e-05,0.000122856983303,0.323326073603,0.0129334896968,0.0,0.0,0.0,3.35064499916e-05,0.0,0.0,0.0,0.0,0.0,0.0,0.0,1.11688166639e-05,0.0,0.0,0.0,0.0,0.0,0.000156363433294,0.0,0.0,0.0,0.0,1.11688166639e-05,0.0,0.0,0.0,0.0,0.0,1.11688166639e-05,3.35064499916e-05,0.0,0.0,1.11688166639e-05,0.0,0.0,0.0,7.81817166471e-05,1.11688166639e-05,0.0,0.000100519349975,0.0,0.00014519461663,0.0,0.0,0.0,1.11688166639e-05,0.0,0.0,0.0,8.9350533311e-05,0.0,0.0,0.0752889931312,0.0,0.00283687943262,0.0,3.35064499916e-05,2.23376333277e-05,0.0,0.0,0.0,0.0,0.0,0.000848830066454,2.23376333277e-05,0.0,0.0,1.11688166639e-05,0.0,0.0,0.580220025688,0.000982855866421,0.0,0.0,0.0,0.00129558273301,0.0,0.0,0.0,1.11688166639e-05,0.00020103869995,0.15157942814077446
SRR5318536_90000_1.fastq.gz,1.11165458669e-05,0.00424652052114,0.0,0.000188981279737,0.0,0.0,0.000122282004536,0.111621237049,0.416125661434,0.0,0.0,0.0,0.0,1.11165458669e-05,0.0,0.0,0.0,0.0,0.0,0.0,0.0,0.0,0.0,0.0,0.0,0.0,3.33496376006e-05,0.0,0.0,0.0,0.0,1.11165458669e-05,0.0,0.0,0.0,0.0,0.0,0.0,2.22330917337e-05,0.0,0.0,0.000100048912802,7.78158210681e-05,0.0,0.0,1.11165458669e-05,0.000133398550402,0.0,0.000111165458669,0.0,0.0,0.0,0.0,0.0,1.11165458669e-05,0.0,0.0,0.0,0.000144515096269,0.0,0.0,0.351193917026,0.0,3.33496376006e-05,0.0,4.44661834675e-05,6.66992752012e-05,1.11165458669e-05,0.0,0.0,0.0,0.0,0.0336386677931,4.44661834675e-05,0.0,0.0,0.000100048912802,0.0,0.000466894926408,0.064042420739,0.0034572457646,0.0,0.0,0.0,0.00313486593446,0.0,0.0,0.0,0.000933789852817,0.00984925963805,0.57271891661490282
SRR5318537_90000_1.fastq.gz,0.000300140065364,0.00451321727917,0.0,0.0,1.11162987172e-05,0.0,2.22325974344e-05,0.521554503213,0.0349162942707,1.11162987172e-05,0.0,0.0,0.0,0.0,0.0,0.0,1.11162987172e-05,0.0,0.0,0.0,0.0,0.0,0.0,0.0,0.0,0.0,2.22325974344e-05,0.0,0.0,0.0,0.0,1.11162987172e-05,0.0,0.0,0.0,0.0,0.0,0.0,0.000155628182041,0.0,0.0,0.000322372662798,0.0,0.0,2.22325974344e-05,8.89303897374e-05,0.00051134974099,0.0,0.000266791169212,0.0,0.0,0.0,0.0,0.0,0.0,0.0,0.0,0.0,0.000200093376909,0.0,0.0,0.265390515574,0.0,0.000133395584606,1.11162987172e-05,3.33488961515e-05,4.44651948687e-05,0.0,0.0,0.0,0.0,0.0,0.00133395584606,3.33488961515e-05,0.0,0.0,3.33488961515e-05,0.0,3.33488961515e-05,0.159930189644,0.00404633273305,0.0,0.0,0.0,0.00392405344716,0.0,0.0,0.0,0.00178972409347,0.000322372662798,0.38325753008498292
SRR5318539_90000_1.fastq.gz,0.0,0.00486732611085,4.48601484871e-05,0.0,0.0,0.0,0.000134580445461,0.133795392863,0.223796065765,1.12150371218e-05,0.0,0.0,1.12150371218e-05,1.12150371218e-05,0.0,0.0,0.0,0.0,1.12150371218e-05,0.0,0.0,0.0,0.0,0.0,1.12150371218e-05,0.0,7.85052598524e-05,0.0,0.0,0.0,3.36451113653e-05,1.12150371218e-05,0.0,2.24300742435e-05,0.0,0.0,0.0,0.0,4.48601484871e-05,2.24300742435e-05,0.0,0.0,1.12150371218e-05,0.0,0.0,1.12150371218e-05,8.97202969742e-05,0.0,0.000157010519705,0.0,2.24300742435e-05,0.0,0.0,1.12150371218e-05,0.0,0.0,0.0,0.0,0.000100935334096,0.0,1.12150371218e-05,0.592120314918,0.0,6.72902227306e-05,0.0,2.24300742435e-05,0.00038131126214,0.0,0.0,0.0,0.0,0.0,0.0170132113137,0.000437386447749,0.0,0.0,6.72902227306e-05,0.0,2.24300742435e-05,0.0214431509768,0.000302806002288,0.0,0.0,0.000100935334096,0.00273646905771,0.0,0.0,0.0,0.000863557858377,0.00109907363793,0.31018243230654141
SRR5318540_90000_1.fastq.gz,1.11935704132e-05,0.00589901160773,1.11935704132e-05,0.0,0.0,0.0,0.000167903556197,0.0991974210014,0.441899772771,1.11935704132e-05,1.11935704132e-05,0.0,1.11935704132e-05,5.59678520658e-05,0.0,1.11935704132e-05,0.0,0.0,0.0,0.0,0.0,0.0,0.0,0.0,2.23871408263e-05,0.0,2.23871408263e-05,0.0,1.11935704132e-05,0.0,2.23871408263e-05,3.35807112395e-05,0.0,0.0,0.0,0.0,0.0,5.59678520658e-05,2.23871408263e-05,0.0,0.0,7.83549928921e-05,0.0,0.0,0.0,1.11935704132e-05,0.000402968534874,0.0,0.000526097809418,0.0,1.11935704132e-05,0.0,0.0,0.0,0.0,0.0,0.0,0.0,1.11935704132e-05,4.47742816526e-05,1.11935704132e-05,0.367966240192,0.0,4.47742816526e-05,0.0,7.83549928921e-05,0.000369387823634,1.11935704132e-05,0.0,0.0,0.0,2.23871408263e-05,0.0110144732865,0.000492517098179,0.0,2.23871408263e-05,0.000302226401155,0.0,3.35807112395e-05,0.0395244971288,0.000671614224789,0.0,0.0,0.000100742133718,0.00216035908974,0.0,0.0,0.0,0.000503710668592,0.0281070553074,0.48806763772246847
SRR5318541_90000_1.fastq.gz,0.0,0.00803801006149,0.0,0.0,0.0,0.0,0.000134153158189,0.119530463946,0.290911123533,0.0,0.0,0.0,1.11794298491e-05,1.11794298491e-05,0.0,0.0,0.0,0.0,0.0,1.11794298491e-05,0.0,0.0,1.11794298491e-05,2.23588596982e-05,2.23588596982e-05,0.0,8.94354387926e-05,0.0,0.0,0.0,1.11794298491e-05,3.35382895472e-05,0.0,0.0,0.0,0.0,0.0,3.35382895472e-05,5.58971492454e-05,0.0,0.0,3.35382895472e-05,0.0,1.11794298491e-05,2.23588596982e-05,0.0,0.000190050307434,0.0,0.000290665176076,1.11794298491e-05,0.0,0.0,0.0,0.0,0.0,0.0,0.0,0.0,0.0,3.35382895472e-05,0.0,0.498580212409,0.0,4.47177193963e-05,0.0,8.94354387926e-05,0.000335382895472,0.0,0.0,0.0,0.0,1.11794298491e-05,0.0206372275014,0.000581330352152,0.0,1.11794298491e-05,7.82560089435e-05,0.0,0.0,0.05481274455,0.000547792062605,0.0,0.0,6.70765790945e-05,0.0024371157071,0.0,0.0,0.0,0.000804918949134,0.00144214645053,0.4651467295623643
SRR5318542_90000_1.fastq.gz,0.0,0.0278063276432,2.23433729556e-05,0.0,0.0,0.0,0.000111716864778,0.062639646081,0.252926981857,0.0,0.0,0.0,1.11716864778e-05,0.0,0.0,0.0,1.11716864778e-05,0.0,0.0,0.0,0.0,0.0,0.0,0.0,3.35150594334e-05,1.11716864778e-05,0.000111716864778,0.0,0.0,0.0,0.0,0.0,0.0,1.11716864778e-05,0.0,0.0,0.0,1.11716864778e-05,3.35150594334e-05,0.0,0.0,7.82018053445e-05,0.0,0.0,1.11716864778e-05,1.11716864778e-05,0.000256948788989,0.0,0.000256948788989,0.0,5.5858432389e-05,0.0,0.0,0.0,0.0,0.0,0.0,0.0,0.0,0.0,1.11716864778e-05,0.533392170882,0.0,0.000145231924211,0.0,3.35150594334e-05,0.000391009026723,1.11716864778e-05,0.0,0.0,0.0,1.11716864778e-05,0.00508311734739,0.000279292161945,0.0,0.0,4.46867459112e-05,0.0,0.0,0.0210027705782,0.000379837340245,0.0,0.0,3.35150594334e-05,0.00421172580213,0.0,0.0,0.0,0.0002010903566,0.0903566002324,0.50130172517151417
SRR5318543_90000_1.fastq.gz,0.0,0.0161883573513,0.0,0.0,0.0,0.0,0.000111798048006,0.121177904234,0.262714233009,1.11798048006e-05,0.0,0.0,1.11798048006e-05,1.11798048006e-05,0.0,1.11798048006e-05,2.23596096012e-05,1.11798048006e-05,0.0,0.0,0.0,0.0,0.0,0.0,0.0,0.0,8.94384384049e-05,0.0,1.11798048006e-05,0.0,2.23596096012e-05,3.35394144018e-05,0.0,0.0,0.0,0.0,0.0,1.11798048006e-05,2.23596096012e-05,0.0,0.0,4.47192192024e-05,0.0,0.0,3.35394144018e-05,1.11798048006e-05,0.000201236486411,0.0,0.000402472972822,0.0,5.5899024003e-05,0.0,0.0,0.0,0.0,0.0,0.0,0.0,0.0,1.11798048006e-05,0.0,0.393853343321,0.0,2.23596096012e-05,0.0,1.11798048006e-05,0.000301854729616,2.23596096012e-05,0.0,0.0,0.0,1.11798048006e-05,0.0054781043523,0.000503091216027,0.0,0.0,3.35394144018e-05,0.0,1.11798048006e-05,0.0171945397833,0.00019005668161,0.0,0.0,3.35394144018e-05,0.00386821246101,0.0,0.0,0.0,0.00054781043523,0.176696814874,0.67087767414636124
SRR5318544_90000_1.fastq.gz,0.0,0.0123387611929,1.12068675684e-05,0.0,0.0,0.0,0.000156896145958,0.129898801986,0.197061559324,2.24137351369e-05,0.0,0.0,1.12068675684e-05,1.12068675684e-05,0.0,3.36206027053e-05,0.0,1.12068675684e-05,0.0,0.0,0.0,0.0,0.0,0.0,1.12068675684e-05,0.0,7.84480729791e-05,0.0,0.0,0.0,8.96549405476e-05,1.12068675684e-05,0.0,0.0,0.0,0.0,0.0,2.24137351369e-05,4.48274702738e-05,0.0,0.0,3.36206027053e-05,2.24137351369e-05,0.0,2.24137351369e-05,1.12068675684e-05,0.000190516748664,0.0,0.00014568927839,0.0,5.60343378422e-05,0.0,0.0,0.0,0.0,0.0,0.0,0.0,0.0,1.12068675684e-05,1.12068675684e-05,0.587307101792,0.0,3.36206027053e-05,0.0,0.000123275543253,0.000571550245991,0.0,0.0,0.0,0.0,0.0,0.0155103047147,0.000336206027053,0.0,0.0,8.96549405476e-05,0.0,0.0,0.0437404041196,0.0002129304838,0.0,0.0,0.000168103013527,0.00550257197611,0.0,0.0,0.0,0.000762066994654,0.00532326209501,0.40940053670858073
SRR5318545_90000_1.fastq.gz,2.24230329394e-05,0.03093257394,3.36345494092e-05,0.0,0.0,1.12115164697e-05,0.000134538197637,0.124503890396,0.139986994641,1.12115164697e-05,0.0,0.0,2.24230329394e-05,1.12115164697e-05,0.0,1.12115164697e-05,0.0,0.0,0.0,0.0,0.0,0.0,0.0,0.0,2.24230329394e-05,0.0,0.000112115164697,0.0,0.0,0.0,2.24230329394e-05,0.0,0.0,1.12115164697e-05,0.0,0.0,0.0,0.0,3.36345494092e-05,0.0,0.0,7.8480615288e-05,2.24230329394e-05,0.0,1.12115164697e-05,1.12115164697e-05,0.000112115164697,0.0,4.48460658789e-05,0.0,4.48460658789e-05,0.0,0.0,0.0,0.0,0.0,0.0,1.12115164697e-05,1.12115164697e-05,2.24230329394e-05,0.0,0.506211180124,0.0,8.96921317577e-05,0.0,2.24230329394e-05,0.000470883691728,0.0,0.0,0.0,0.0,1.12115164697e-05,0.00949615444985,0.000246653362334,0.0,0.0,6.72690988183e-05,0.0,3.36345494092e-05,0.0270533892414,0.000156961230576,0.0,0.0,3.36345494092e-05,0.00491064421374,0.0,0.0,0.0,0.00079601766935,0.154147139942,0.64586783667101211
SRR5318546_90000_1.fastq.gz,4.49690837549e-05,0.0159527824621,1.12422709387e-05,0.0,0.0,0.0,0.000168634064081,0.101461495222,0.349657110736,4.49690837549e-05,1.12422709387e-05,0.0,1.12422709387e-05,3.37268128162e-05,0.0,0.0,1.12422709387e-05,0.0,0.0,0.0,2.24845418775e-05,0.0,0.0,0.0,0.0,1.12422709387e-05,0.000168634064081,0.0,1.12422709387e-05,0.0,3.37268128162e-05,2.24845418775e-05,0.0,0.0,0.0,0.0,0.0,0.0,2.24845418775e-05,0.0,0.0,5.62113546936e-05,2.24845418775e-05,0.0,3.37268128162e-05,3.37268128162e-05,0.000348510399101,0.0,0.000348510399101,0.0,1.12422709387e-05,0.0,0.0,0.0,1.12422709387e-05,0.0,0.0,0.0,1.12422709387e-05,0.000101180438449,0.0,0.469544688027,0.0,0.000843170320405,0.0,0.000517144463182,0.000539629005059,0.0,0.0,0.0,0.0,2.24845418775e-05,0.0103653738055,0.000595840359753,0.0,1.12422709387e-05,0.000224845418775,0.0,4.49690837549e-05,0.0402698145025,0.000697020798201,0.0,0.0,0.000213603147836,0.00320404721754,0.0,0.0,0.0,0.000741989881956,0.00348510399101,0.4563342358112914
SRR5318548_90000_1.fastq.gz,1.1172934683e-05,0.0138320931376,0.0,0.0,0.0,0.0,0.00011172934683,0.238251659181,0.29467497933,0.0,0.0,0.0,0.0,0.0,0.0,1.1172934683e-05,1.1172934683e-05,0.0,0.0,0.0,0.0,0.0,0.0,0.0,3.35188040491e-05,0.0,0.000145248150879,0.0,1.1172934683e-05,0.0,4.46917387321e-05,0.0,0.0,0.0,2.2345869366e-05,0.0,0.0,1.1172934683e-05,0.0,0.0,0.0,3.35188040491e-05,1.1172934683e-05,1.1172934683e-05,0.0,1.1172934683e-05,0.000245804563027,0.0,0.000770932493129,0.0,0.0,0.0,0.0,0.0,0.0,0.0,0.0,0.0,0.0,2.2345869366e-05,0.0,0.387320953722,0.0,2.2345869366e-05,0.0,3.35188040491e-05,0.000212285758977,1.1172934683e-05,0.0,0.0,0.0,1.1172934683e-05,0.00572054255771,0.000547473799468,0.0,0.0,0.000134075216196,0.0,1.1172934683e-05,0.0529150186588,0.000625684342249,0.0,0.0,4.46917387321e-05,0.00278206073607,0.0,0.0,0.0,0.000513954995419,0.000815624231861,0.54119916350338193
SRR5318549_90000_1.fastq.gz,1.11619600402e-05,0.00654090858355,0.0,0.0,0.0,0.0,6.69717602411e-05,0.0946087733006,0.288179484317,0.0,0.0,0.0,1.11619600402e-05,2.23239200804e-05,0.0,1.11619600402e-05,0.0,0.0,0.0,0.0,0.0,0.0,1.11619600402e-05,0.0,2.23239200804e-05,0.0,4.46478401607e-05,0.0,3.34858801205e-05,0.0,5.58098002009e-05,2.23239200804e-05,0.0,0.0,3.34858801205e-05,0.0,0.0,1.11619600402e-05,1.11619600402e-05,0.0,0.0,0.000100457640362,1.11619600402e-05,0.0,2.23239200804e-05,3.34858801205e-05,0.000100457640362,0.0,0.000156267440563,1.11619600402e-05,0.0,0.0,0.0,0.0,0.0,0.0,0.0,0.0,1.11619600402e-05,1.11619600402e-05,0.0,0.49166201585,0.0,3.34858801205e-05,0.0,2.23239200804e-05,0.000323696841165,0.0,0.0,0.0,0.0,0.0,0.00571492354057,0.000412992521487,0.0,0.0,8.92956803215e-05,0.0,1.11619600402e-05,0.0500167429401,0.000189753320683,0.0,0.0,2.23239200804e-05,0.00687576738475,0.0,0.0,0.0,0.000245563120884,0.0542248018752,0.53028704288945705
SRR5318550_90000_1.fastq.gz,0.0,0.0186306993764,1.1156107411e-05,0.0,0.0,0.0,8.9248859288e-05,0.115778082711,0.330566618695,0.0,0.0,0.0,0.0,2.2312214822e-05,0.0,0.0,0.0,0.0,0.0,0.0,0.0,0.0,0.0,0.0,1.1156107411e-05,0.0,3.3468322233e-05,0.0,1.1156107411e-05,0.0,2.2312214822e-05,2.2312214822e-05,0.0,0.0,1.1156107411e-05,0.0,0.0,2.2312214822e-05,2.2312214822e-05,0.0,0.0,7.8092751877e-05,0.0,0.0,0.0,0.0,0.000245434363042,0.0,0.000178497718576,0.0,0.0,0.0,0.0,0.0,0.0,0.0,0.0,0.0,0.0,0.0,0.0,0.466236040921,0.0,2.2312214822e-05,0.0,2.2312214822e-05,0.000100404966699,0.0,0.0,0.0,0.0,0.0,0.00449591128663,0.000267746577864,0.0,0.0,3.3468322233e-05,0.0,2.2312214822e-05,0.059038120419,0.000301214900097,0.0,0.0,2.2312214822e-05,0.00280018296016,0.0,0.0,0.0,0.000356995437152,0.000524337048317,0.4471732319977646
SRR5318551_90000_1.fastq.gz,0.0,0.0125541222158,2.23184394947e-05,1.11592197474e-05,0.0,0.0,0.000122751417221,0.086528589921,0.29286256305,2.23184394947e-05,0.0,0.0,1.11592197474e-05,1.11592197474e-05,0.0,2.23184394947e-05,1.11592197474e-05,0.0,0.0,0.0,0.0,0.0,0.0,1.11592197474e-05,0.0,0.0,0.000122751417221,0.0,1.11592197474e-05,0.0,2.23184394947e-05,1.11592197474e-05,0.0,0.0,3.34776592421e-05,0.0,0.0,2.23184394947e-05,2.23184394947e-05,0.0,0.0,2.23184394947e-05,0.0,1.11592197474e-05,1.11592197474e-05,0.0,0.000156229076463,0.0,0.000200865955452,0.0,1.11592197474e-05,0.0,0.0,0.0,0.0,0.0,0.0,0.0,0.000636075525599,2.23184394947e-05,1.11592197474e-05,0.527998482346,0.0,1.11592197474e-05,0.0,2.23184394947e-05,0.000357095031915,0.0,0.0,0.0,0.0,2.23184394947e-05,0.00523367406151,0.000278980493684,0.0,0.0,8.92737579788e-05,0.0,2.23184394947e-05,0.0310003124582,0.000256662054189,0.0,0.0,1.11592197474e-05,0.00455296165692,0.0,0.0,0.0,0.000435209570147,0.0361893496407,0.44228144428286198
SRR5318552_90000_1.fastq.gz,0.0,0.0151891681061,0.0,0.0,1.11439237756e-05,0.0,8.91513902045e-05,0.0556193235638,0.357864824205,0.0,0.0,1.11439237756e-05,0.0,0.0,0.0,1.11439237756e-05,1.11439237756e-05,0.0,0.0,0.0,0.0,0.0,0.0,0.0,0.0,0.0,8.91513902045e-05,0.0,1.11439237756e-05,0.0,1.11439237756e-05,0.0,0.000144871009082,0.0,0.0,0.0,0.0,0.0,6.68635426534e-05,0.0,0.0,8.91513902045e-05,0.0,1.11439237756e-05,2.22878475511e-05,2.22878475511e-05,0.000211734551736,0.0,0.000390037332145,0.0,0.0,0.0,0.0,0.0,0.0,0.0,0.0,0.0,0.000111439237756,4.45756951022e-05,0.0,0.510748314482,0.0,2.22878475511e-05,0.0,2.22878475511e-05,0.000289742018165,0.0,0.0,0.0,0.0,1.11439237756e-05,0.00384465370257,0.000323173789491,0.0,0.0,6.68635426534e-05,0.0,0.0,0.0484760684237,0.000312029865716,0.0,0.0,1.11439237756e-05,0.0044241377389,0.0,0.0,0.0,0.00020059062796,0.00121468769154,0.32716985935814413
SRR5318553_90000_1.fastq.gz,0.0,0.0241257763106,0.0,0.0,0.0,0.0,0.000100710569015,0.121613607117,0.265730431377,2.23801264477e-05,0.0,1.11900632239e-05,2.23801264477e-05,2.23801264477e-05,0.0,1.11900632239e-05,1.11900632239e-05,0.0,0.0,0.0,0.0,0.0,0.0,0.0,0.0,0.0,3.35701896716e-05,1.11900632239e-05,0.0,0.0,3.35701896716e-05,3.35701896716e-05,0.0,0.0,1.11900632239e-05,0.0,0.0,0.0,3.35701896716e-05,0.0,0.0,2.23801264477e-05,0.0,0.0,0.0,0.0,0.000156660885134,0.0,0.000167850948358,0.0,1.11900632239e-05,0.0,0.0,0.0,0.0,0.0,0.0,0.0,4.47602528954e-05,4.47602528954e-05,1.11900632239e-05,0.533900296537,0.0,3.35701896716e-05,0.0,5.59503161193e-05,0.000570693224417,1.11900632239e-05,0.0,0.0,0.0,0.0,0.00810160577407,0.000234991327701,0.0,0.0,0.000123090695462,0.0,0.0,0.0292955855201,0.000234991327701,0.0,0.0,0.000201421138029,0.00502433838751,0.0,0.0,0.0,0.000660213730208,0.00926537234935,0.44331727313772318
SRR5318554_90000_1.fastq.gz,0.0,0.0101829575337,0.0,0.0,0.0,0.0,0.000179041011582,0.11752923404,0.244390980809,2.23801264477e-05,1.11900632239e-05,0.0,0.0,3.35701896716e-05,0.0,0.0,1.11900632239e-05,0.0,0.0,0.0,0.0,0.0,1.11900632239e-05,1.11900632239e-05,0.0,0.0,0.000190231074806,0.0,0.0,0.0,4.47602528954e-05,0.0,0.0,1.11900632239e-05,4.47602528954e-05,0.0,0.0,2.23801264477e-05,0.0,0.0,0.0,2.23801264477e-05,0.0,0.0,1.11900632239e-05,1.11900632239e-05,0.000201421138029,0.0,0.000190231074806,0.0,1.11900632239e-05,0.0,0.0,0.0,0.0,0.0,0.0,0.0,1.11900632239e-05,0.0,1.11900632239e-05,0.56588149723,0.0,0.000458792592178,0.0,2.23801264477e-05,0.00043641246573,1.11900632239e-05,0.0,0.0,0.0,0.0,0.0140994796621,0.000402842276059,0.0,0.0,0.000100710569015,0.0,3.35701896716e-05,0.0339954120741,0.000414032339283,0.0,0.0,0.000100710569015,0.00869467912494,0.0,0.0,0.0,0.000660213730208,0.00152184859844,0.39270187563189141
SRR5318555_90000_1.fastq.gz,0.0,0.0286659439645,0.0,0.0,0.0,0.0,6.70548396831e-05,0.121961577577,0.21079806435,0.0,0.0,0.0,1.11758066138e-05,4.47032264554e-05,0.0,0.0,0.0,0.0,0.0,0.0,0.0,0.0,0.0,0.0,1.11758066138e-05,0.0,0.000156461292594,0.0,1.11758066138e-05,0.0,6.70548396831e-05,2.23516132277e-05,0.0,0.0,7.82306462969e-05,0.0,0.0,2.23516132277e-05,3.35274198415e-05,1.11758066138e-05,0.0,3.35274198415e-05,1.11758066138e-05,0.0,2.23516132277e-05,0.0,0.000122933872752,0.0,0.000167637099208,0.0,1.11758066138e-05,0.0,0.0,0.0,0.0,0.0,0.0,0.0,1.11758066138e-05,1.11758066138e-05,1.11758066138e-05,0.585154058494,0.0,4.47032264554e-05,0.0,1.11758066138e-05,0.000424680651326,1.11758066138e-05,0.0,0.0,0.0,0.0,0.00689547268074,0.000268219358732,0.0,0.0,8.94064529107e-05,0.0,1.11758066138e-05,0.0394282457336,0.000245867745505,0.0,0.0,1.11758066138e-05,0.00388918070162,0.0,0.0,0.0,0.000603493557147,0.000547614524078,0.38130063402307091
SRR5318556_90000_1.fastq.gz,2.23616095887e-05,0.0135623162155,0.0,0.0,1.11808047943e-05,2.23616095887e-05,6.7084828766e-05,0.146133118662,0.347163988864,1.11808047943e-05,1.11808047943e-05,0.0,1.11808047943e-05,1.11808047943e-05,0.0,0.0,1.11808047943e-05,0.0,0.0,0.0,0.0,0.0,0.0,0.0,3.3542414383e-05,0.0,0.000100627243149,0.0,0.0,0.0,5.59040239716e-05,2.23616095887e-05,0.0,0.0,0.0,0.0,0.0,1.11808047943e-05,2.23616095887e-05,0.0,0.0,8.94464383546e-05,0.0,0.0,2.23616095887e-05,0.0,0.000212435291092,0.0,0.000201254486298,0.0,2.23616095887e-05,0.0,0.0,0.0,0.0,0.0,1.11808047943e-05,0.0,0.0,1.11808047943e-05,0.0,0.405326535404,0.0,5.59040239716e-05,0.0,2.23616095887e-05,0.000301881729447,0.0,0.0,0.0,0.0,0.0,0.00716689587316,0.000436051386979,0.0,0.0,0.000156531267121,0.0,1.11808047943e-05,0.0748666689028,0.00041368977739,0.0,0.0,3.3542414383e-05,0.00240387303078,0.0,0.0,0.0,0.000503136215745,0.000447232191773,0.5203359596567565
SRR5318557_90000_1.fastq.gz,1.11995878552e-05,0.0212232189855,1.11995878552e-05,0.0,0.0,1.11995878552e-05,6.7197527131e-05,0.170267334162,0.245640560427,2.23991757103e-05,0.0,0.0,0.0,1.11995878552e-05,0.0,0.0,0.0,0.0,0.0,0.0,0.0,0.0,0.0,1.11995878552e-05,1.11995878552e-05,0.0,6.7197527131e-05,0.0,0.0,0.0,4.47983514207e-05,3.35987635655e-05,1.11995878552e-05,0.0,0.0,0.0,0.0,1.11995878552e-05,1.11995878552e-05,0.0,0.0,4.47983514207e-05,0.0,0.0,1.11995878552e-05,0.0,0.000268790108524,0.0,0.000291189284234,0.0,3.35987635655e-05,0.0,0.0,0.0,0.0,0.0,0.0,0.0,0.000839969089138,8.95967028413e-05,1.11995878552e-05,0.472118626035,0.0,2.23991757103e-05,0.0,0.0003247880478,0.000291189284234,0.0,0.0,0.0,0.0,0.0,0.00901566822341,0.000447983514207,0.0,0.0,0.000179193405683,0.0,3.35987635655e-05,0.0368354444556,0.000268790108524,0.0,0.0,6.7197527131e-05,0.00527500587978,0.0,0.0,0.0,0.000739172798441,0.0353235000952,0.60496277332864534
SRR5318558_90000_1.fastq.gz,3.35296681681e-05,0.0285449241671,0.0,0.0,0.0,1.1176556056e-05,0.000145295228728,0.124763895253,0.231768242934,0.0,0.0,0.0,0.0,0.0,0.0,0.0,1.1176556056e-05,0.0,0.0,0.0,0.0,0.0,0.0,0.0,3.35296681681e-05,0.0,4.47062242241e-05,0.0,0.0,0.0,3.35296681681e-05,4.47062242241e-05,0.0,0.0,0.0,0.0,0.0,3.35296681681e-05,3.35296681681e-05,0.0,0.0,0.00011176556056,0.0,0.0,0.0,2.2353112112e-05,0.000178824896896,0.0,0.000178824896896,0.0,1.1176556056e-05,0.0,0.0,0.0,0.0,0.0,0.0,0.0,0.00160942407207,0.000100589004504,0.0,0.515373352855,0.0,3.35296681681e-05,0.0,0.000849418260257,0.0002794139014,2.2353112112e-05,0.0,0.0,0.0,0.0,0.00609122305053,0.000234707677176,0.0,0.0,5.58827802801e-05,0.0,3.35296681681e-05,0.0195254434299,0.000257060789288,0.0,0.0,4.47062242241e-05,0.0059459278218,0.0,0.0,0.0,0.000469415354353,0.0630693058241,0.56910735585320393
SRR5318559_90000_1.fastq.gz,0.0,0.015466284396,1.11993369992e-05,0.0,0.0,1.11993369992e-05,0.000190388728987,0.168337234436,0.381942189022,0.0,2.23986739985e-05,0.0,3.35980109977e-05,2.23986739985e-05,0.0,0.0,0.0,0.0,0.0,0.0,0.0,0.0,0.0,3.35980109977e-05,0.0,0.0,0.000111993369992,0.0,1.11993369992e-05,0.0,5.59966849962e-05,1.11993369992e-05,1.11993369992e-05,0.0,0.0,1.11993369992e-05,0.0,0.0,6.71960219955e-05,0.0,0.0,0.000100794032993,0.0,0.0,2.23986739985e-05,1.11993369992e-05,0.000268784087982,0.0,6.71960219955e-05,0.0,0.0,0.0,0.0,0.0,0.0,0.0,0.0,0.0,0.0,0.0,1.11993369992e-05,0.324803171652,0.0,5.59966849962e-05,0.0,1.11993369992e-05,0.000459172816969,1.11993369992e-05,0.0,0.0,0.0,2.23986739985e-05,0.0122744733512,0.00044797347997,0.0,0.0,0.000111993369992,1.11993369992e-05,3.35980109977e-05,0.0695030854173,0.000268784087982,0.0,0.0,0.0,0.0207187734486,0.0,0.0,0.0,0.000705558230953,0.00372937922075,0.64408842009934075
SRR5318560_90000_1.fastq.gz,0.0,0.0465181433086,1.12064907995e-05,0.0,0.0,1.12064907995e-05,0.00021292332519,0.141739695632,0.360142994823,0.0,1.12064907995e-05,0.0,0.0,1.12064907995e-05,0.0,0.0,0.0,0.0,0.0,0.0,0.0,0.0,0.0,0.0,0.0,0.0,0.000123271398794,1.12064907995e-05,0.0,0.0,4.48259631979e-05,1.12064907995e-05,0.0,0.0,0.0,0.0,0.0,3.36194723984e-05,1.12064907995e-05,0.0,1.12064907995e-05,0.000134477889594,1.12064907995e-05,0.0,3.36194723984e-05,0.0,0.000313781742385,0.0,8.96519263958e-05,0.0,6.72389447968e-05,0.0,0.0,0.0,0.0,0.0,0.0,0.0,0.0,2.24129815989e-05,0.0,0.288141291436,0.0,0.000123271398794,0.0,4.48259631979e-05,0.000369814196383,0.0,0.0,0.0,0.0,0.0,0.020339780801,0.000470672613578,0.0,2.24129815989e-05,8.96519263958e-05,0.0,3.36194723984e-05,0.0182217540399,0.000358607705583,0.0,0.0,5.60324539974e-05,0.00410157563261,0.0,0.0,0.0,0.000616356993971,0.117432817088,0.78430948522039878
SRR5318561_90000_1.fastq.gz,0.0,0.0986164790231,1.1202599003e-05,0.0,0.0,0.0,0.000235254579062,0.113269478519,0.311387441887,2.24051980059e-05,1.1202599003e-05,0.0,0.0,0.0,0.0,1.1202599003e-05,1.1202599003e-05,0.0,0.0,0.0,0.0,0.0,0.0,1.1202599003e-05,0.0,0.0,5.60129950148e-05,0.0,0.0,0.0,3.36077970089e-05,0.0,0.0,0.0,0.0,0.0,0.0,1.1202599003e-05,3.36077970089e-05,0.0,0.0,0.000168038985045,3.36077970089e-05,0.0,0.0,0.0,0.000156836386042,0.0,0.000100823391027,0.0,5.60129950148e-05,0.0,0.0,0.0,0.0,0.0,0.0,0.0,0.0,4.48103960119e-05,0.0,0.313056629138,0.0,4.48103960119e-05,0.0,2.24051980059e-05,0.000291267574077,0.0,0.0,0.0,0.0,2.24051980059e-05,0.0275583935473,0.000347280569092,0.0,0.000156836386042,0.000156836386042,1.1202599003e-05,2.24051980059e-05,0.0182266285778,0.000358483168095,0.0,0.0,8.96207920237e-05,0.00743852573797,0.0,0.0,0.0,0.000638548143169,0.107276088052,0.86332008623962075
SRR5318562_90000_1.fastq.gz,0.0,0.00639180777726,0.0,0.0,0.0,0.0,1.11549873949e-05,0.00561095865962,0.481549650849,0.0,0.0,0.0,1.11549873949e-05,1.11549873949e-05,0.0,0.0,0.0,0.0,0.0,0.0,0.0,0.0,0.0,0.0,0.0,0.0,0.0,0.0,0.0,0.0,0.0,0.0,0.0,0.0,0.0,0.0,0.0,0.0,2.23099747897e-05,0.0,0.0,7.8084911764e-05,1.11549873949e-05,0.0,1.11549873949e-05,0.0,3.34649621846e-05,0.0,1.11549873949e-05,0.0,1.11549873949e-05,0.0,0.0,0.0,0.0,0.0,1.11549873949e-05,0.0,2.23099747897e-05,0.0,0.0,0.431474912433,0.0,0.0,0.0,1.11549873949e-05,6.69299243692e-05,0.0,0.0,0.0,0.0,2.23099747897e-05,0.00165093813444,3.34649621846e-05,0.0,0.0,5.57749369743e-05,0.0,1.11549873949e-05,0.0273631840796,0.000490819445374,0.0,0.0,0.0,0.00262142203779,0.0,0.0,0.0,1.11549873949e-05,0.0423889521005,0.20823459102888722
SRR5318563_90000_1.fastq.gz,1.11172873819e-05,0.00648137854364,0.0,0.0,0.0,0.0,0.000100055586437,0.0778321289605,0.414030016676,0.0,0.0,0.0,0.0,0.0,0.0,1.11172873819e-05,0.0,0.0,0.0,0.0,0.0,0.0,0.0,0.0,0.0,0.0,0.0,0.0,0.0,0.0,0.0,0.0,0.0,0.0,0.0,0.0,0.0,0.0,3.33518621456e-05,0.0,0.0,0.0,0.0,0.0,0.0,0.0,0.000244580322401,0.0,3.33518621456e-05,0.0,0.0,0.0,0.0,0.0,0.0,0.0,0.0,0.0,7.78210116732e-05,1.11172873819e-05,0.0,0.398966092273,0.0,1.11172873819e-05,0.0,0.0,5.55864369094e-05,0.0,0.0,0.0,0.0,0.0,0.000933852140078,8.8938299055e-05,0.0,0.0,0.0,0.0,1.11172873819e-05,0.0613785436354,0.00211228460256,0.0,0.0,0.0,0.00629238465814,0.0,0.0,0.0,0.000266814897165,0.0310172317954,0.47601746974782227
SRR5318564_90000_1.fastq.gz,0.0,0.00407616282316,1.11675693785e-05,0.000201016248813,0.0,0.0,3.35027081356e-05,0.016729018929,0.425227539226,0.0,0.0,0.0,1.11675693785e-05,0.000134010832542,0.0,0.0,0.0,0.0,0.0,0.0,0.0,0.0,0.0,0.0,0.0,0.0,0.0,0.0,0.0,0.0,0.0,0.0,0.0,0.0,0.0,0.0,0.0,1.11675693785e-05,0.0,0.0,0.0,0.000491373052655,0.0,0.0,0.0,0.0,3.35027081356e-05,0.0,0.000167513540678,0.0,0.0,0.0,0.0,0.0,1.11675693785e-05,0.0,1.11675693785e-05,0.0,0.000178681110056,0.0,0.000871070411525,0.51392037523,0.0,0.0,0.0,0.0,1.11675693785e-05,0.0,0.0,0.0,0.0,0.0,0.00371880060305,0.0,0.0,0.0,2.2335138757e-05,0.0,0.0,0.0255402311687,0.00138477860294,0.0,0.0,0.000201016248813,0.00690155787593,0.0,0.0,0.0,8.93405550282e-05,1.11675693785e-05,0.13758455742336109
SRR5318565_90000_1.fastq.gz,2.2434351479e-05,0.012013595217,3.36515272185e-05,0.0,0.0,0.0,0.000190691987571,0.114033808568,0.233507947369,0.0,0.0,0.0,1.12171757395e-05,1.12171757395e-05,0.0,0.0,0.0,0.0,0.0,0.0,0.0,0.0,0.0,0.0,3.36515272185e-05,0.0,0.000145823284613,0.0,1.12171757395e-05,0.0,6.7303054437e-05,1.12171757395e-05,1.12171757395e-05,1.12171757395e-05,0.0,0.0,0.0,0.0,0.0,0.0,0.0,6.7303054437e-05,0.0,0.0,1.12171757395e-05,0.0,0.000280429393487,0.0,0.000302863744966,0.0,2.2434351479e-05,0.0,0.0,2.2434351479e-05,0.0,0.0,0.0,0.0,1.12171757395e-05,3.36515272185e-05,1.12171757395e-05,0.513701780166,0.0,0.000291646569227,0.0,7.85202301764e-05,0.000650596192891,1.12171757395e-05,0.0,0.0,0.0,1.12171757395e-05,0.0121706356773,0.000426252678101,0.0,0.0,8.97374059159e-05,0.0,1.12171757395e-05,0.0318343447487,0.000572075962714,0.0,0.0,2.2434351479e-05,0.0169603697181,0.0,0.0,0.0,0.000751550774546,0.0615374261069,0.59878216469943757
SRR5318566_90000_1.fastq.gz,0.0,0.00971946347669,1.11589706965e-05,0.000167384560448,0.0,0.0,3.34769120896e-05,0.0128439752717,0.345604481443,0.0,0.0,0.0,2.23179413931e-05,1.11589706965e-05,0.0,0.0,0.0,0.0,0.0,0.0,0.0,0.0,0.0,0.0,0.0,0.0,0.0,0.0,0.0,0.0,0.0,0.0,1.11589706965e-05,0.0,0.0,0.0,0.0,0.0,2.23179413931e-05,0.0,0.0,4.46358827862e-05,0.0,0.0,3.34769120896e-05,0.0,6.69538241793e-05,0.0,0.0,0.0,0.0,0.0,0.0,0.0,4.46358827862e-05,0.0,0.0,0.0,0.000167384560448,0.0,0.0,0.598009239628,0.0,0.0,0.0,1.11589706965e-05,2.23179413931e-05,0.0,0.0,0.0,0.0,0.0,0.00180775325284,2.23179413931e-05,0.0,0.0,3.34769120896e-05,0.0,0.0,0.0248398687705,0.000736492065972,0.0,0.0,2.23179413931e-05,0.00566875711384,0.0,0.0,0.0,1.11589706965e-05,1.11589706965e-05,0.082012953570048078
SRR5318567_90000_1.fastq.gz,0.0,0.011936931907,0.0,3.34993411796e-05,0.0,0.0,5.58322352994e-05,0.00447774527101,0.55491658664,0.0,1.11664470599e-05,0.0,2.23328941197e-05,2.23328941197e-05,0.0,0.0,0.0,0.0,0.0,0.0,0.0,0.0,0.0,0.0,0.0,0.0,1.11664470599e-05,0.0,0.0,0.0,0.0,0.0,0.0,0.0,0.0,0.0,0.0,0.0,0.0,0.0,0.0,2.23328941197e-05,3.34993411796e-05,0.0,0.0,0.0,3.34993411796e-05,0.0,0.0,0.0,1.11664470599e-05,0.0,0.0,0.0,0.0,0.0,0.0,0.0,0.000122830917659,0.0,1.11664470599e-05,0.342017106997,0.0,0.0,0.0,2.23328941197e-05,0.0,0.0,0.0,0.0,0.0,1.11664470599e-05,0.00501373472988,3.34993411796e-05,0.0,0.0,1.11664470599e-05,0.0,1.11664470599e-05,0.0794269379369,0.000591821694173,0.0,0.0,0.0,0.00104964602363,1.11664470599e-05,0.0,0.0,2.23328941197e-05,5.58322352994e-05,0.18025741879106738
SRR5318568_90000_1.fastq.gz,0.0,0.0119434423107,1.12039796536e-05,1.12039796536e-05,0.0,0.0,0.000112039796536,0.0683218679275,0.37419051247,0.0,0.0,0.0,0.0,3.36119389607e-05,0.0,1.12039796536e-05,0.0,0.0,0.0,0.0,0.0,0.0,0.0,1.12039796536e-05,0.0,0.0,2.24079593071e-05,0.0,0.0,0.0,0.0,0.0,0.0,0.0,0.0,0.0,0.0,2.24079593071e-05,3.36119389607e-05,0.0,0.0,0.000100835816882,0.0,0.0,1.12039796536e-05,0.0,5.60198982679e-05,0.0,0.0,0.0,2.24079593071e-05,0.0,0.0,0.0,4.48159186143e-05,0.0,0.0,0.0,0.000403343267529,1.12039796536e-05,3.36119389607e-05,0.511696954758,0.0,0.0,0.0,0.000616218880947,2.24079593071e-05,0.0,0.0,0.0,0.0,1.12039796536e-05,0.00190467654111,8.96318372286e-05,0.0,0.0,1.12039796536e-05,0.0,0.0,0.0187554619401,0.000929930311247,5.60198982679e-05,0.0,0.0,0.00172541286665,0.0,0.0,0.0,3.36119389607e-05,0.00873910412979,0.27507863554039419
SRR5318569_90000_1.fastq.gz,0.0,0.0581495241602,1.11568542134e-05,0.0,0.0,0.0,0.000111568542134,0.0445604757283,0.186007073446,0.0,0.0,0.0,1.11568542134e-05,0.0,0.0,0.0,0.0,0.0,0.0,0.0,1.11568542134e-05,0.0,0.0,0.0,0.0,0.0,0.0,0.0,0.0,0.0,0.0,0.0,0.0,0.0,0.0,0.0,0.0,0.0,0.0,0.0,0.0,0.000914862045498,6.69411252803e-05,0.0,1.11568542134e-05,0.0,2.23137084268e-05,0.0,1.11568542134e-05,0.0,0.0,0.0,0.0,0.0,3.34705626402e-05,0.0,0.0,0.0,0.0,1.11568542134e-05,0.00010041168792,0.608528299361,0.0,2.23137084268e-05,0.0,0.000390489897469,3.34705626402e-05,0.0,0.0,0.0,0.0,0.0,0.028963193538,3.34705626402e-05,0.0,0.0,4.46274168535e-05,2.23137084268e-05,2.23137084268e-05,0.0165344579442,0.00486438843704,0.0,0.0,3.34705626402e-05,0.0207517488369,0.0,0.0,0.0,8.92548337071e-05,0.0296326047908,0.49100274748743444
SRR5318570_90000_1.fastq.gz,0.0,0.0276777377618,0.0,0.0,0.0,0.0,6.66933440043e-05,0.057800898137,0.511337868481,0.0,0.0,0.0,0.0,0.0,0.0,0.0,0.0,0.0,0.0,0.0,0.0,0.0,0.0,0.0,0.0,0.0,1.1115557334e-05,0.0,0.0,0.0,0.0,0.0,0.0,0.0,0.0,0.0,0.0,0.0,1.1115557334e-05,0.0,0.0,0.0,2.22311146681e-05,0.0,0.0,2.22311146681e-05,7.78089013383e-05,0.0,3.33466720021e-05,0.0,0.0,0.0,0.0,0.0,0.0,0.0,0.0,0.0,0.0,1.1115557334e-05,0.0,0.31917211329,0.0,0.000322351162687,0.0,0.000188964474679,5.55777866702e-05,0.0,0.0,0.0,0.0,0.0,0.0289449112979,0.0,0.0,0.0,0.000122271130674,0.0,0.000389044506692,0.014905962385,0.00120048019208,0.0,0.0,3.33466720021e-05,0.0131163576542,0.0,0.0,0.0,0.000266773376017,0.0242096838735,0.4798304339819266
SRR5318571_90000_1.fastq.gz,0.0,0.0363406700276,0.0,0.0,0.0,0.0,3.35349154361e-05,0.0329424652634,0.321543947507,1.11783051454e-05,0.0,0.0,0.0,1.11783051454e-05,0.0,0.0,0.0,0.0,0.0,0.0,0.0,0.0,0.0,0.0,0.0,0.0,0.0,0.0,0.0,0.0,0.0,0.0,0.0,0.0,0.0,0.0,0.0,0.0,1.11783051454e-05,0.0,0.0,0.000111783051454,1.11783051454e-05,0.0,3.35349154361e-05,2.23566102907e-05,8.9426441163e-05,0.0,0.0,0.0,2.23566102907e-05,0.0,0.0,0.0,2.23566102907e-05,0.0,0.0,0.0,6.70698308722e-05,1.11783051454e-05,0.0,0.573883007858,0.0,0.0,0.0,8.9426441163e-05,0.000111783051454,0.0,0.0,0.0,0.0,2.23566102907e-05,0.00552208274181,3.35349154361e-05,0.0,0.0,0.000178852882326,1.11783051454e-05,1.11783051454e-05,0.0162197207659,0.00183324204384,0.0,0.0,1.11783051454e-05,0.0102505058183,0.0,0.0,0.0,0.000190031187471,0.000346527459507,0.25035171959648972
